request_id,level,service,event,generated_at,duration_ms,cpu_percent,memory_mb,db_query_time_ms,status_code,anomaly_label,anomaly_score,anomaly_reasons
6361e320-77d3-4704-a406-9d33726957c0,info,restaurants-service,restaurant.list.start,1767304360968.0,1613.63,62.14,77.8,340.67,304.0,1,1,db_query_time_ms>=300
4baca0ab-c3fa-415b-981a-64ea28786c31,error,orders-service,http.request.completed,1767304360968.0,11851.03,104.54,344.29,141.31,502.0,1,3,duration_ms>=3000;cpu>=80;status_code>=500
4258b3fc-01b3-4a6a-9072-59de121a6599,warn,restaurants-service,memory.pressure,1767304360968.0,3706.53,83.28,613.87,74.19,200.0,1,2,duration_ms>=3000;cpu>=80
51ae920e-e382-497e-a208-21af98549759,error,restaurants-service,jvm.gc.pause,1767304360968.0,11436.04,46.6,863.64,390.68,500.0,1,3,duration_ms>=3000;db_query_time_ms>=300;status_code>=500
6361e320-77d3-4704-a406-9d33726957c0,info,restaurants-service,restaurant.list.start,1767304360968.0,1613.63,62.14,77.8,340.67,304.0,1,1,db_query_time_ms>=300
c058d779-5f30-484c-9476-513062d80c43,warn,orders-service,http.request.completed,1767304360968.0,36106.61,107.57,91.9,889.04,200.0,1,3,duration_ms>=3000;cpu>=80;db_query_time_ms>=300
9be9705f-fce4-45f5-b58c-30bab4cf4ef7,error,orders-service,http.request.completed,1767304360968.0,8516.17,94.28,337.24,152.63,500.0,1,3,duration_ms>=3000;cpu>=80;status_code>=500
43610dd2-8c7e-49ae-8704-c392c47bdbfa,warn,orders-service,http.request.completed,1767304360968.0,8782.94,53.65,823.75,285.78,200.0,1,1,duration_ms>=3000
3cf76467-5d7b-4ca5-b39b-8376c3c8d229,info,restaurants-service,http.request.received,1767304360968.0,13400.17,120.31,124.6,441.22,200.0,1,3,duration_ms>=3000;cpu>=80;db_query_time_ms>=300
f9d99c9d-605f-4cac-81d5-f2607f06d71f,error,orders-service,http.request.completed,1767304360968.0,11484.74,120.04,320.88,505.14,500.0,1,4,duration_ms>=3000;cpu>=80;db_query_time_ms>=300;status_code>=500
7e80c6a7-e99b-458d-a917-e319b198c9ee,info,restaurants-service,http.request.received,1767304360968.0,555.73,62.35,86.35,272.47,200.0,0,0,
f52b4751-0224-46ef-8fd9-3b7bf89ad7b3,warn,orders-service,db.query.slow,1767304360968.0,9549.11,109.52,162.0,752.03,200.0,1,3,duration_ms>=3000;cpu>=80;db_query_time_ms>=300
70ff16fa-fcc2-4897-bf6f-abb00d3042ba,error,orders-service,memory.pressure,1767304360968.0,12426.16,107.85,684.11,207.17,500.0,1,3,duration_ms>=3000;cpu>=80;status_code>=500
254db968-0484-4565-adb6-d7769c8d7044,error,restaurants-service,http.request.completed,1767304360968.0,10606.78,160.42,135.63,288.89,503.0,1,3,duration_ms>=3000;cpu>=80;status_code>=500
7e80c6a7-e99b-458d-a917-e319b198c9ee,info,restaurants-service,restaurant.list.start,1767304360968.0,555.73,62.35,86.35,272.47,200.0,0,0,
d00eeb72-6063-4c79-a6d8-f67e18cd4a4f,warn,restaurants-service,http.request.received,1767304360968.0,26683.8,121.61,212.42,354.73,200.0,1,3,duration_ms>=3000;cpu>=80;db_query_time_ms>=300
e3cbb0b1-df57-4ddd-a525-5fa86b3b2ff4,warn,orders-service,http.request.received,1767304360968.0,21971.68,91.2,214.39,804.34,200.0,1,3,duration_ms>=3000;cpu>=80;db_query_time_ms>=300
3b51aadd-b8c5-4e67-9d51-27e5cfb5ae7e,warn,orders-service,http.request.received,1767304360968.0,24714.52,155.79,102.15,587.97,200.0,1,3,duration_ms>=3000;cpu>=80;db_query_time_ms>=300
4a138104-a86d-4609-8f64-bc036b75902c,warn,restaurants-service,http.request.received,1767304360968.0,27067.83,95.34,140.88,554.68,200.0,1,3,duration_ms>=3000;cpu>=80;db_query_time_ms>=300
63b67f59-496c-4ecf-959d-a2e0e9e862b7,info,orders-service,order.service.get_by_id.success,1767304360968.0,66.27,55.39,76.44,262.11,304.0,0,0,
1af4505c-abe4-48d3-974c-8912fdfb9e20,warn,orders-service,jvm.gc.pause,1767304360968.0,4763.97,116.16,620.0,55.82,200.0,1,2,duration_ms>=3000;cpu>=80
63b67f59-496c-4ecf-959d-a2e0e9e862b7,info,orders-service,http.request.received,1767304360968.0,66.27,55.39,76.44,262.11,304.0,0,0,
3cf76467-5d7b-4ca5-b39b-8376c3c8d229,info,restaurants-service,restaurant.list.success,1767304360968.0,13400.17,120.31,124.6,441.22,200.0,1,3,duration_ms>=3000;cpu>=80;db_query_time_ms>=300
6b550eab-6115-4ef7-a461-c58e2be7cf7b,warn,orders-service,http.request.completed,1767304360968.0,12518.39,102.4,360.39,96.4,200.0,1,2,duration_ms>=3000;cpu>=80
765c406f-e3f4-4b3a-83af-7b0ca3741754,info,restaurants-service,menuitem.service.list.start,1767304360968.0,1689.53,125.47,192.94,589.85,304.0,1,2,cpu>=80;db_query_time_ms>=300
632e3408-6685-44b4-9c68-a5a5d45e7f5d,warn,restaurants-service,http.request.completed,1767304360968.0,28694.93,144.0,150.13,787.85,200.0,1,3,duration_ms>=3000;cpu>=80;db_query_time_ms>=300
6361e320-77d3-4704-a406-9d33726957c0,info,restaurants-service,http.request.completed,1767304360968.0,1613.63,62.14,77.8,340.67,304.0,1,1,db_query_time_ms>=300
b3e95a94-be52-41c2-a669-dfc097932864,warn,orders-service,memory.pressure,1767304360968.0,3634.13,93.23,836.81,57.9,200.0,1,2,duration_ms>=3000;cpu>=80
b034e2a3-0453-4ea9-a002-cfb815efa710,error,orders-service,jvm.gc.pause,1767304360968.0,10382.12,81.63,743.54,202.76,500.0,1,3,duration_ms>=3000;cpu>=80;status_code>=500
e52bc95f-a288-4794-b730-9568313daa99,warn,restaurants-service,db.query.slow,1767304360968.0,18960.86,82.14,138.25,627.54,200.0,1,3,duration_ms>=3000;cpu>=80;db_query_time_ms>=300
beeb7a59-9b24-4886-b204-33457017cebe,warn,orders-service,http.request.completed,1767304360968.0,6175.26,102.9,369.55,164.89,200.0,1,2,duration_ms>=3000;cpu>=80
a0d52f62-b73b-4cda-8594-b601fd327c4b,warn,restaurants-service,http.request.completed,1767304360968.0,22023.33,96.9,165.29,915.86,200.0,1,3,duration_ms>=3000;cpu>=80;db_query_time_ms>=300
59877731-8b0a-4a7b-ae59-db19c4f22c8d,warn,restaurants-service,http.request.completed,1767304360968.0,14738.21,114.26,717.95,212.79,200.0,1,2,duration_ms>=3000;cpu>=80
3cf76467-5d7b-4ca5-b39b-8376c3c8d229,info,restaurants-service,http.request.completed,1767304360968.0,13400.17,120.31,124.6,441.22,200.0,1,3,duration_ms>=3000;cpu>=80;db_query_time_ms>=300
765c406f-e3f4-4b3a-83af-7b0ca3741754,info,restaurants-service,menuItem.list.start,1767304360968.0,1689.53,125.47,192.94,589.85,304.0,1,2,cpu>=80;db_query_time_ms>=300
62c1a4c7-ca33-490b-9048-f4b7097aed95,warn,restaurants-service,http.request.completed,1767304360968.0,8675.81,95.42,101.06,821.97,200.0,1,3,duration_ms>=3000;cpu>=80;db_query_time_ms>=300
3cf76467-5d7b-4ca5-b39b-8376c3c8d229,info,restaurants-service,http.request.received,1767304360968.0,13400.17,120.31,124.6,441.22,200.0,1,3,duration_ms>=3000;cpu>=80;db_query_time_ms>=300
765c406f-e3f4-4b3a-83af-7b0ca3741754,info,restaurants-service,menuItem.list.success,1767304360968.0,1689.53,125.47,192.94,589.85,304.0,1,2,cpu>=80;db_query_time_ms>=300
23e32ed4-6dcb-42e7-8933-31972f3135ea,error,orders-service,http.request.completed,1767304360968.0,11175.2,134.01,190.36,311.95,502.0,1,4,duration_ms>=3000;cpu>=80;db_query_time_ms>=300;status_code>=500
57ad6589-9178-4da6-8470-8a3060f2d538,error,restaurants-service,memory.pressure,1767304360968.0,7123.59,63.46,655.49,100.18,500.0,1,2,duration_ms>=3000;status_code>=500
63b67f59-496c-4ecf-959d-a2e0e9e862b7,info,orders-service,http.request.received,1767304360968.0,66.27,55.39,76.44,262.11,304.0,0,0,
6361e320-77d3-4704-a406-9d33726957c0,info,restaurants-service,restaurant.list.success,1767304360968.0,1613.63,62.14,77.8,340.67,304.0,1,1,db_query_time_ms>=300
765c406f-e3f4-4b3a-83af-7b0ca3741754,info,restaurants-service,http.request.received,1767304360968.0,1689.53,125.47,192.94,589.85,304.0,1,2,cpu>=80;db_query_time_ms>=300
91317314-faf9-40ce-8395-99b9d14bc1b3,error,restaurants-service,http.request.completed,1767304360968.0,1858.63,106.09,126.28,100.42,502.0,1,2,cpu>=80;status_code>=500
7e80c6a7-e99b-458d-a917-e319b198c9ee,info,restaurants-service,http.request.completed,1767304360968.0,555.73,62.35,86.35,272.47,200.0,0,0,
24ab5b84-4a55-4fab-a88e-91af6574ceea,warn,orders-service,http.request.completed,1767304360968.0,8678.1,100.12,763.57,100.73,200.0,1,2,duration_ms>=3000;cpu>=80
923a3318-7d2a-41c4-ab0f-a2078b607c89,error,restaurants-service,http.request.completed,1767304360968.0,11971.27,101.9,221.86,190.59,500.0,1,3,duration_ms>=3000;cpu>=80;status_code>=500
3870bb1b-4e38-4f23-a349-0c6275e65ea5,error,orders-service,http.request.completed,1767304360968.0,858.15,97.9,124.72,460.3,504.0,1,3,cpu>=80;db_query_time_ms>=300;status_code>=500
227685dd-ac4c-4dc4-9316-bec74b93318e,error,restaurants-service,http.request.completed,1767304360968.0,8925.92,152.7,348.51,463.66,502.0,1,4,duration_ms>=3000;cpu>=80;db_query_time_ms>=300;status_code>=500
24e024ec-527c-4ac0-93da-a3051aec86da,error,restaurants-service,http.request.completed,1767304360968.0,4156.77,129.2,122.83,346.9,503.0,1,4,duration_ms>=3000;cpu>=80;db_query_time_ms>=300;status_code>=500
10dbfafa-1c31-4278-8e42-e4d88d0d190a,warn,restaurants-service,http.request.received,1767304360968.0,38393.68,145.09,114.69,721.85,200.0,1,3,duration_ms>=3000;cpu>=80;db_query_time_ms>=300
2104b0fd-65fe-4d01-a9c3-1e8e4e15ef56,warn,restaurants-service,http.request.received,1767304360968.0,22302.19,146.68,116.43,597.31,200.0,1,3,duration_ms>=3000;cpu>=80;db_query_time_ms>=300
a67b4a82-dfd4-49ad-a9c8-049422d30c37,error,orders-service,db.query.slow,1767304360968.0,8305.2,87.64,160.73,1266.71,500.0,1,4,duration_ms>=3000;cpu>=80;db_query_time_ms>=300;status_code>=500
7e80c6a7-e99b-458d-a917-e319b198c9ee,info,restaurants-service,restaurant.list.success,1767304360968.0,555.73,62.35,86.35,272.47,200.0,0,0,
ffbfb0b5-e247-45df-911c-812fffc6a098,error,orders-service,http.request.completed,1767304360968.0,7506.8,116.64,197.48,370.56,504.0,1,4,duration_ms>=3000;cpu>=80;db_query_time_ms>=300;status_code>=500
4b8466fe-e910-4985-b4a1-adb2e7d599c3,error,orders-service,http.request.received,1767304360968.0,33664.37,84.4,210.44,739.88,503.0,1,4,duration_ms>=3000;cpu>=80;db_query_time_ms>=300;status_code>=500
cce0a63e-daad-437a-a9fd-d720c4f8e598,warn,orders-service,http.request.completed,1767304360968.0,17088.03,114.62,83.84,922.18,200.0,1,3,duration_ms>=3000;cpu>=80;db_query_time_ms>=300
c00947d9-81a0-4633-b48b-459908f5ffd2,warn,restaurants-service,db.query.slow,1767304360968.0,23817.22,97.03,134.31,917.04,200.0,1,3,duration_ms>=3000;cpu>=80;db_query_time_ms>=300
765c406f-e3f4-4b3a-83af-7b0ca3741754,info,restaurants-service,menuItem.list.start,1767304360968.0,1689.53,125.47,192.94,589.85,304.0,1,2,cpu>=80;db_query_time_ms>=300
62999aa5-d061-4689-b93f-e0d163d27928,error,orders-service,memory.pressure,1767304360968.0,11786.31,54.59,775.96,220.39,500.0,1,2,duration_ms>=3000;status_code>=500
3b551d1b-707b-43ef-8a6a-6213e0e1e045,error,orders-service,jvm.gc.pause,1767304360968.0,5530.08,59.1,666.45,229.59,500.0,1,2,duration_ms>=3000;status_code>=500
90c90a45-7896-4692-94a1-a90515d9b61e,error,orders-service,http.request.completed,1767304360968.0,9099.08,177.97,327.54,477.21,504.0,1,4,duration_ms>=3000;cpu>=80;db_query_time_ms>=300;status_code>=500
1f2b3510-d5f7-4ff5-94fd-63f61cf31641,error,restaurants-service,http.request.completed,1767304360968.0,11048.09,166.14,344.88,118.74,500.0,1,3,duration_ms>=3000;cpu>=80;status_code>=500
7e80c6a7-e99b-458d-a917-e319b198c9ee,info,restaurants-service,http.request.completed,1767304360968.0,555.73,62.35,86.35,272.47,200.0,0,0,
5fab2412-1349-4532-9f49-f54417e5691c,error,restaurants-service,http.request.completed,1767304360968.0,4999.27,169.25,239.63,493.54,504.0,1,4,duration_ms>=3000;cpu>=80;db_query_time_ms>=300;status_code>=500
61c588b2-6501-4bb5-92c9-ce4b5a69cdbb,warn,restaurants-service,http.request.completed,1767304360968.0,16420.35,66.69,319.04,105.68,200.0,1,1,duration_ms>=3000
3cf76467-5d7b-4ca5-b39b-8376c3c8d229,info,restaurants-service,http.request.completed,1767304360968.0,13400.17,120.31,124.6,441.22,200.0,1,3,duration_ms>=3000;cpu>=80;db_query_time_ms>=300
6361e320-77d3-4704-a406-9d33726957c0,info,restaurants-service,restaurant.list.success,1767304360968.0,1613.63,62.14,77.8,340.67,304.0,1,1,db_query_time_ms>=300
8750d1bc-af73-4a14-833e-6925bc711b67,warn,orders-service,memory.pressure,1767304360968.0,15570.62,77.75,542.05,128.78,200.0,1,1,duration_ms>=3000
63b67f59-496c-4ecf-959d-a2e0e9e862b7,info,orders-service,order.get_one.start,1767304360968.0,66.27,55.39,76.44,262.11,304.0,0,0,
7e80c6a7-e99b-458d-a917-e319b198c9ee,info,restaurants-service,http.request.received,1767304360968.0,555.73,62.35,86.35,272.47,200.0,0,0,
00e06b03-5162-452a-b53a-f679c66f0229,warn,orders-service,http.request.completed,1767304360968.0,6461.99,90.6,97.41,1468.88,200.0,1,3,duration_ms>=3000;cpu>=80;db_query_time_ms>=300
1743c825-0d62-45ac-8a76-af6f3e70f111,warn,orders-service,db.query.slow,1767304360968.0,20592.1,51.26,89.31,951.13,200.0,1,2,duration_ms>=3000;db_query_time_ms>=300
3cf76467-5d7b-4ca5-b39b-8376c3c8d229,info,restaurants-service,restaurant.list.start,1767304360968.0,13400.17,120.31,124.6,441.22,200.0,1,3,duration_ms>=3000;cpu>=80;db_query_time_ms>=300
3ebdae66-49e3-4e39-a32a-ee62b08b99f0,error,orders-service,http.request.completed,1767304360968.0,9256.14,100.87,209.92,373.94,504.0,1,4,duration_ms>=3000;cpu>=80;db_query_time_ms>=300;status_code>=500
3ce3037a-9c7e-42d4-93b8-79a24a623b1a,warn,orders-service,http.request.completed,1767304360968.0,5430.64,93.02,193.96,656.78,200.0,1,3,duration_ms>=3000;cpu>=80;db_query_time_ms>=300
7feb16a4-3f63-406f-a5ff-0e97722ca655,warn,orders-service,http.request.completed,1767304360968.0,13996.28,115.09,194.29,1220.64,200.0,1,3,duration_ms>=3000;cpu>=80;db_query_time_ms>=300
24d85ddc-133c-4b91-b6ee-045efbf45702,warn,orders-service,http.request.completed,1767304360968.0,14289.72,99.63,88.05,621.88,200.0,1,3,duration_ms>=3000;cpu>=80;db_query_time_ms>=300
38ca68df-b8d5-4d6d-acfe-7a2e5e90b287,error,orders-service,db.query.slow,1767304360968.0,12327.82,116.32,85.06,644.82,500.0,1,4,duration_ms>=3000;cpu>=80;db_query_time_ms>=300;status_code>=500
4d2e9323-140c-4183-b5ec-6f687203371e,error,restaurants-service,http.request.completed,1767304360968.0,13639.06,116.74,181.48,652.52,500.0,1,4,duration_ms>=3000;cpu>=80;db_query_time_ms>=300;status_code>=500
7e80c6a7-e99b-458d-a917-e319b198c9ee,info,restaurants-service,restaurant.list.success,1767304360968.0,555.73,62.35,86.35,272.47,200.0,0,0,
b1c7dfd7-6329-451b-82b1-852ee4fca206,warn,orders-service,http.request.completed,1767304360968.0,5885.95,40.53,516.66,376.38,200.0,1,2,duration_ms>=3000;db_query_time_ms>=300
4e6ca5b9-b27f-4f92-b29f-5331a1e32b19,warn,restaurants-service,http.request.completed,1767304360968.0,26855.01,87.5,98.21,594.75,200.0,1,3,duration_ms>=3000;cpu>=80;db_query_time_ms>=300
0d3074bf-d549-4107-964a-14325e0ad775,error,orders-service,jvm.gc.pause,1767304360968.0,2725.27,109.76,553.22,222.93,500.0,1,2,cpu>=80;status_code>=500
bada00ca-c96a-4183-8f32-f8b801f19016,error,restaurants-service,memory.pressure,1767304360968.0,2748.1,96.27,518.76,206.34,500.0,1,2,cpu>=80;status_code>=500
29816e5d-f308-41a1-9509-70671981b1bf,warn,orders-service,db.query.slow,1767304360968.0,4841.48,50.58,76.0,674.66,200.0,1,2,duration_ms>=3000;db_query_time_ms>=300
1756a211-2479-43c3-bcea-8761d6adb90b,warn,orders-service,db.query.slow,1767304360968.0,24612.34,94.56,181.87,1385.83,200.0,1,3,duration_ms>=3000;cpu>=80;db_query_time_ms>=300
765c406f-e3f4-4b3a-83af-7b0ca3741754,info,restaurants-service,menuItem.list.start,1767304360968.0,1689.53,125.47,192.94,589.85,304.0,1,2,cpu>=80;db_query_time_ms>=300
3ba08f67-1952-439d-ae56-40ea7a4dc660,warn,restaurants-service,memory.pressure,1767304360968.0,5504.42,54.85,474.29,137.9,200.0,1,1,duration_ms>=3000
21033f21-1d2a-4497-9ff5-d6efe85af806,warn,restaurants-service,memory.pressure,1767304360968.0,11056.62,68.07,800.96,163.28,200.0,1,1,duration_ms>=3000
63b67f59-496c-4ecf-959d-a2e0e9e862b7,info,orders-service,order.service.get_by_id.start,1767304360968.0,66.27,55.39,76.44,262.11,304.0,0,0,
efce4f7a-1ce6-4bb6-a763-64b69820217b,error,restaurants-service,memory.pressure,1767304360968.0,13942.67,87.41,681.73,242.26,500.0,1,3,duration_ms>=3000;cpu>=80;status_code>=500
f7baeb1f-acc7-42fb-ae8d-b5dfbbc85ae4,error,restaurants-service,http.request.completed,1767304360968.0,2149.62,92.1,180.9,411.89,500.0,1,3,cpu>=80;db_query_time_ms>=300;status_code>=500
765c406f-e3f4-4b3a-83af-7b0ca3741754,info,restaurants-service,menuitem.service.list.success,1767304360968.0,1689.53,125.47,192.94,589.85,304.0,1,2,cpu>=80;db_query_time_ms>=300
ae3721af-9b85-4443-b4c0-fbe90650ed72,error,orders-service,jvm.gc.pause,1767304360968.0,4994.75,54.35,663.22,378.67,500.0,1,3,duration_ms>=3000;db_query_time_ms>=300;status_code>=500
c968c91d-6d74-49e0-b4ad-6e5bf44382a4,warn,restaurants-service,db.query.slow,1767304360968.0,15217.8,90.0,159.93,1153.39,200.0,1,3,duration_ms>=3000;cpu>=80;db_query_time_ms>=300
55c52a5d-9a6c-4a0b-bf1a-2c4a1d08200b,error,orders-service,http.request.received,1767304360968.0,37635.85,130.73,193.14,678.02,503.0,1,4,duration_ms>=3000;cpu>=80;db_query_time_ms>=300;status_code>=500
23a978f4-4f55-4ed3-8734-a5a6934e0fff,error,restaurants-service,http.request.received,1767304360968.0,25033.01,117.19,116.58,783.32,503.0,1,4,duration_ms>=3000;cpu>=80;db_query_time_ms>=300;status_code>=500
63b67f59-496c-4ecf-959d-a2e0e9e862b7,info,orders-service,order.get_one.start,1767304360968.0,66.27,55.39,76.44,262.11,304.0,0,0,
5f846c92-4943-4869-beef-b615bdda4599,error,restaurants-service,db.query.slow,1767304360968.0,15226.56,80.39,104.48,1184.62,500.0,1,4,duration_ms>=3000;cpu>=80;db_query_time_ms>=300;status_code>=500
765c406f-e3f4-4b3a-83af-7b0ca3741754,info,restaurants-service,http.request.received,1767304360968.0,1689.53,125.47,192.94,589.85,304.0,1,2,cpu>=80;db_query_time_ms>=300
f931ac4c-f36e-462c-8091-40b9d5a29667,error,restaurants-service,http.request.completed,1767304360968.0,6046.22,144.2,150.64,130.95,504.0,1,3,duration_ms>=3000;cpu>=80;status_code>=500
d0b33b75-71f8-41b0-a9d7-af182a9fa4c4,error,orders-service,db.query.slow,1767304360968.0,4701.48,98.69,195.31,1293.42,500.0,1,4,duration_ms>=3000;cpu>=80;db_query_time_ms>=300;status_code>=500
a31f20ec-e490-4356-a144-90a356ded42f,warn,orders-service,memory.pressure,1767304360968.0,5809.98,62.96,529.79,52.09,200.0,1,1,duration_ms>=3000
29f0d680-f58e-4f1a-9013-8bd41b0a1be4,error,restaurants-service,http.request.completed,1767304360968.0,7082.55,179.66,220.26,381.43,502.0,1,4,duration_ms>=3000;cpu>=80;db_query_time_ms>=300;status_code>=500
31792afc-0ac5-4735-a55f-952a7ab58eda,warn,orders-service,db.query.slow,1767304360968.0,28693.99,132.19,86.81,746.89,200.0,1,3,duration_ms>=3000;cpu>=80;db_query_time_ms>=300
415b601a-6a78-44fd-954a-a8d1061574be,error,orders-service,memory.pressure,1767304360968.0,14987.68,109.45,355.82,157.89,500.0,1,3,duration_ms>=3000;cpu>=80;status_code>=500
2b9f6366-bce1-462b-9be0-eda0679ec161,error,restaurants-service,http.request.completed,1767304360968.0,8754.29,69.9,820.42,399.77,500.0,1,3,duration_ms>=3000;db_query_time_ms>=300;status_code>=500
5bc949a5-2280-4d20-b638-7ef45726d64d,error,orders-service,http.request.completed,1767304360968.0,1089.89,169.75,167.71,187.51,503.0,1,2,cpu>=80;status_code>=500
fdbb05b4-2d02-4bd6-be14-6a19e493e1b1,error,restaurants-service,http.request.received,1767304360968.0,15205.92,146.37,135.05,885.28,504.0,1,4,duration_ms>=3000;cpu>=80;db_query_time_ms>=300;status_code>=500
3cf76467-5d7b-4ca5-b39b-8376c3c8d229,info,restaurants-service,http.request.completed,1767304360968.0,13400.17,120.31,124.6,441.22,200.0,1,3,duration_ms>=3000;cpu>=80;db_query_time_ms>=300
494dcecc-9e1b-4353-9e5a-25ea7e6c2c40,error,orders-service,http.request.completed,1767304360968.0,8120.24,51.74,850.09,112.08,500.0,1,2,duration_ms>=3000;status_code>=500
3cf76467-5d7b-4ca5-b39b-8376c3c8d229,info,restaurants-service,restaurant.list.success,1767304360968.0,13400.17,120.31,124.6,441.22,200.0,1,3,duration_ms>=3000;cpu>=80;db_query_time_ms>=300
1d3dfa59-14ba-4255-b346-2b504e4a088c,warn,restaurants-service,http.request.completed,1767304360968.0,4989.66,83.1,167.14,901.02,200.0,1,3,duration_ms>=3000;cpu>=80;db_query_time_ms>=300
6361e320-77d3-4704-a406-9d33726957c0,info,restaurants-service,restaurant.list.success,1767304360968.0,1613.63,62.14,77.8,340.67,304.0,1,1,db_query_time_ms>=300
0ebcd030-03b2-4883-9aef-d78caf801ef9,warn,restaurants-service,db.query.slow,1767304360968.0,14791.5,103.55,90.87,1152.84,200.0,1,3,duration_ms>=3000;cpu>=80;db_query_time_ms>=300
963e7c64-9be1-4f4d-a6c0-eda32fa8ea0a,error,restaurants-service,db.query.slow,1767304360968.0,24327.15,97.75,203.26,718.62,504.0,1,4,duration_ms>=3000;cpu>=80;db_query_time_ms>=300;status_code>=500
66cb5f60-4157-4614-b270-33ce4762a4f6,error,restaurants-service,http.request.completed,1767304360968.0,5492.93,109.56,153.89,457.14,503.0,1,4,duration_ms>=3000;cpu>=80;db_query_time_ms>=300;status_code>=500
c6a47ad2-183d-4fb2-968f-55c8e916145f,error,orders-service,http.request.completed,1767304360968.0,3860.12,141.94,157.93,515.9,500.0,1,4,duration_ms>=3000;cpu>=80;db_query_time_ms>=300;status_code>=500
963b677d-6162-41dd-84b9-aa7ea02b1aad,error,orders-service,db.query.slow,1767304360968.0,5076.57,113.33,166.41,1001.76,500.0,1,4,duration_ms>=3000;cpu>=80;db_query_time_ms>=300;status_code>=500
8baae101-738b-4523-841b-e147c5697300,error,orders-service,http.request.completed,1767304360968.0,27293.33,129.85,213.13,591.49,504.0,1,4,duration_ms>=3000;cpu>=80;db_query_time_ms>=300;status_code>=500
da259c43-952e-479d-b008-c2bd9bec3d03,warn,orders-service,db.query.slow,1767304360968.0,23211.37,114.29,150.7,917.37,200.0,1,3,duration_ms>=3000;cpu>=80;db_query_time_ms>=300
06d945b6-7c90-4871-a3d0-2f57719e10d3,warn,restaurants-service,db.query.slow,1767304360968.0,11483.49,114.67,104.77,656.05,200.0,1,3,duration_ms>=3000;cpu>=80;db_query_time_ms>=300
4b123335-671b-45b5-9aa2-9b9842e48020,warn,orders-service,jvm.gc.pause,1767304360968.0,13497.11,71.2,483.01,179.96,200.0,1,1,duration_ms>=3000
4df986ea-87f2-4c38-97f9-d4d86ca18894,warn,orders-service,http.request.completed,1767304360968.0,15861.17,153.11,109.05,726.38,200.0,1,3,duration_ms>=3000;cpu>=80;db_query_time_ms>=300
313a85a3-19de-4384-baff-27afc7eba4ab,error,restaurants-service,http.request.completed,1767304360968.0,5409.96,172.96,286.44,464.58,502.0,1,4,duration_ms>=3000;cpu>=80;db_query_time_ms>=300;status_code>=500
6361e320-77d3-4704-a406-9d33726957c0,info,restaurants-service,http.request.received,1767304360968.0,1613.63,62.14,77.8,340.67,304.0,1,1,db_query_time_ms>=300
ad288cf5-7d6b-4279-a90e-c6cfe4dc8378,error,orders-service,jvm.gc.pause,1767304360968.0,2969.42,86.65,436.42,389.8,500.0,1,3,cpu>=80;db_query_time_ms>=300;status_code>=500
765c406f-e3f4-4b3a-83af-7b0ca3741754,info,restaurants-service,http.request.completed.success,1767304360968.0,1689.53,125.47,192.94,589.85,304.0,1,2,cpu>=80;db_query_time_ms>=300
54d88356-8778-4cbe-b1a3-1c1e0bfbb18f,warn,orders-service,http.request.received,1767304360968.0,25515.04,155.16,138.18,353.28,200.0,1,3,duration_ms>=3000;cpu>=80;db_query_time_ms>=300
0789fd25-f524-427b-b272-a20556b13038,error,orders-service,http.request.completed,1767304360968.0,5818.48,101.34,225.23,102.59,504.0,1,3,duration_ms>=3000;cpu>=80;status_code>=500
d3ddb99a-f138-4ef2-88c0-4cd115653eb4,error,orders-service,db.query.slow,1767304360968.0,23452.49,135.27,119.69,808.03,503.0,1,4,duration_ms>=3000;cpu>=80;db_query_time_ms>=300;status_code>=500
91e936ca-23c1-45f1-88d1-64bbe4655ff3,error,restaurants-service,http.request.completed,1767304360968.0,11421.62,133.45,247.69,228.95,502.0,1,3,duration_ms>=3000;cpu>=80;status_code>=500
6e2fe207-1ef0-456e-8897-0592639a1be7,error,restaurants-service,http.request.completed,1767304360968.0,11692.32,174.74,301.06,286.96,504.0,1,3,duration_ms>=3000;cpu>=80;status_code>=500
57af2250-943b-45ea-9f0a-9030da7e5072,warn,restaurants-service,http.request.completed,1767304360968.0,31271.12,124.72,104.86,784.52,200.0,1,3,duration_ms>=3000;cpu>=80;db_query_time_ms>=300
6899ab2c-c344-4504-88cd-3b3e86aeb79c,error,orders-service,http.request.completed,1767304360968.0,34451.4,158.1,156.81,456.91,503.0,1,4,duration_ms>=3000;cpu>=80;db_query_time_ms>=300;status_code>=500
4babf6fe-5040-49a6-8105-45f9fa7acafe,warn,restaurants-service,memory.pressure,1767304360968.0,5952.02,76.25,364.92,170.2,200.0,1,1,duration_ms>=3000
63b67f59-496c-4ecf-959d-a2e0e9e862b7,info,orders-service,http.request.completed.success,1767304360968.0,66.27,55.39,76.44,262.11,304.0,0,0,
2fa79c98-774f-4734-be28-e94b7d289703,error,orders-service,db.query.slow,1767304360968.0,32975.51,134.21,159.36,646.43,504.0,1,4,duration_ms>=3000;cpu>=80;db_query_time_ms>=300;status_code>=500
e52b4be7-03c3-4a4d-a6df-f3666c57619a,error,orders-service,http.request.completed,1767304360968.0,9287.74,156.45,342.43,107.74,503.0,1,3,duration_ms>=3000;cpu>=80;status_code>=500
e137d371-03d3-4e63-b237-d9521728e6b8,error,restaurants-service,http.request.completed,1767304360968.0,37624.64,157.54,209.11,620.95,503.0,1,4,duration_ms>=3000;cpu>=80;db_query_time_ms>=300;status_code>=500
3cf76467-5d7b-4ca5-b39b-8376c3c8d229,info,restaurants-service,http.request.received,1767304360968.0,13400.17,120.31,124.6,441.22,200.0,1,3,duration_ms>=3000;cpu>=80;db_query_time_ms>=300
63b67f59-496c-4ecf-959d-a2e0e9e862b7,info,orders-service,http.request.completed.success,1767304360968.0,66.27,55.39,76.44,262.11,304.0,0,0,
765c406f-e3f4-4b3a-83af-7b0ca3741754,info,restaurants-service,menuItem.list.success,1767304360968.0,1689.53,125.47,192.94,589.85,304.0,1,2,cpu>=80;db_query_time_ms>=300
5e25b435-b7f1-43c4-9046-c3c3698b2c7e,error,restaurants-service,http.request.completed,1767304360968.0,1579.64,155.16,273.41,334.45,504.0,1,3,cpu>=80;db_query_time_ms>=300;status_code>=500
21c73e75-88d1-43fb-977b-3aeac19c023d,error,orders-service,memory.pressure,1767304360968.0,16923.49,76.49,600.33,355.28,500.0,1,3,duration_ms>=3000;db_query_time_ms>=300;status_code>=500
603b4294-6178-44c6-9548-1e34ede1919d,error,restaurants-service,http.request.completed,1767304360968.0,9609.74,150.37,349.78,194.77,504.0,1,3,duration_ms>=3000;cpu>=80;status_code>=500
6361e320-77d3-4704-a406-9d33726957c0,info,restaurants-service,restaurant.list.start,1767304360968.0,1613.63,62.14,77.8,340.67,304.0,1,1,db_query_time_ms>=300
7b333e6e-4a2d-4777-b91d-884282f89acf,error,restaurants-service,http.request.completed,1767304360968.0,9281.49,102.06,295.22,592.8,502.0,1,4,duration_ms>=3000;cpu>=80;db_query_time_ms>=300;status_code>=500
23138d35-d9be-437c-b6e7-4f0ab0f670f9,error,orders-service,memory.pressure,1767304360968.0,12994.62,45.57,465.86,57.83,500.0,1,2,duration_ms>=3000;status_code>=500
9dac8696-fbfb-4210-a1c1-c978779255df,warn,orders-service,http.request.completed,1767304360968.0,11936.12,66.91,160.44,702.57,200.0,1,2,duration_ms>=3000;db_query_time_ms>=300
63b67f59-496c-4ecf-959d-a2e0e9e862b7,info,orders-service,http.request.completed.success,1767304360968.0,66.27,55.39,76.44,262.11,304.0,0,0,
1195fde5-99fc-4cc4-979f-068ae04df220,error,restaurants-service,http.request.completed,1767304360968.0,14749.72,94.9,142.45,1426.91,500.0,1,4,duration_ms>=3000;cpu>=80;db_query_time_ms>=300;status_code>=500
12d0a10c-74b1-4d00-a5c8-5ec28884bd42,error,orders-service,http.request.completed,1767304360968.0,12245.5,109.41,689.3,341.83,500.0,1,4,duration_ms>=3000;cpu>=80;db_query_time_ms>=300;status_code>=500
03662f3b-d0bb-4271-9439-5d5b43a939a1,warn,restaurants-service,db.query.slow,1767304360968.0,7572.3,80.71,146.49,619.54,200.0,1,3,duration_ms>=3000;cpu>=80;db_query_time_ms>=300
765c406f-e3f4-4b3a-83af-7b0ca3741754,info,restaurants-service,menuitem.service.list.start,1767304360968.0,1689.53,125.47,192.94,589.85,304.0,1,2,cpu>=80;db_query_time_ms>=300
a783201f-be82-4ed9-aa68-fd1d466d51e1,error,restaurants-service,jvm.gc.pause,1767304360968.0,15259.82,116.69,506.5,266.99,500.0,1,3,duration_ms>=3000;cpu>=80;status_code>=500
e786a91f-5504-48ee-af3e-e18b8d5c8d07,warn,restaurants-service,memory.pressure,1767304360968.0,17975.02,65.46,884.8,118.15,200.0,1,1,duration_ms>=3000
57fde31a-e466-4ff8-8a84-2a310e543d47,warn,restaurants-service,jvm.gc.pause,1767304360968.0,5599.63,90.73,639.4,235.25,200.0,1,2,duration_ms>=3000;cpu>=80
3cf76467-5d7b-4ca5-b39b-8376c3c8d229,info,restaurants-service,http.request.received,1767304360968.0,13400.17,120.31,124.6,441.22,200.0,1,3,duration_ms>=3000;cpu>=80;db_query_time_ms>=300
ac8b8ce5-fbf9-42d2-a15a-5f4d464b4360,error,orders-service,jvm.gc.pause,1767304360968.0,6342.52,85.66,335.46,167.02,500.0,1,3,duration_ms>=3000;cpu>=80;status_code>=500
bb10f3c9-e295-4b3e-867c-90e756360671,error,restaurants-service,http.request.received,1767304360968.0,30351.21,154.71,125.77,460.72,504.0,1,4,duration_ms>=3000;cpu>=80;db_query_time_ms>=300;status_code>=500
ca0178f6-4675-421c-ab7e-9cd25136d2f4,warn,restaurants-service,http.request.completed,1767304360968.0,24338.6,64.34,96.94,1031.59,200.0,1,2,duration_ms>=3000;db_query_time_ms>=300
5ca14b69-31f3-49ae-bfb0-fb5032b38550,warn,orders-service,http.request.received,1767304360968.0,21920.21,87.44,130.77,788.15,200.0,1,3,duration_ms>=3000;cpu>=80;db_query_time_ms>=300
dee19804-d701-4489-981a-9104dc636512,error,restaurants-service,jvm.gc.pause,1767304360968.0,17396.75,99.37,820.05,259.0,500.0,1,3,duration_ms>=3000;cpu>=80;status_code>=500
63b67f59-496c-4ecf-959d-a2e0e9e862b7,info,orders-service,http.request.received,1767304360968.0,66.27,55.39,76.44,262.11,304.0,0,0,
63b67f59-496c-4ecf-959d-a2e0e9e862b7,info,orders-service,order.get_one.start,1767304360968.0,66.27,55.39,76.44,262.11,304.0,0,0,
013a74cf-36fd-4b95-b93e-ed15adda17f4,warn,orders-service,db.query.slow,1767304360968.0,7901.78,72.65,105.74,784.65,200.0,1,2,duration_ms>=3000;db_query_time_ms>=300
d911d037-8bcd-4c84-b578-1f6e111635e8,error,restaurants-service,http.request.completed,1767304360968.0,9985.18,79.81,159.69,1457.63,500.0,1,3,duration_ms>=3000;db_query_time_ms>=300;status_code>=500
9b5f9052-7c6a-498c-9512-ccc1ec16ef3e,warn,restaurants-service,http.request.completed,1767304360968.0,10837.03,66.82,370.88,389.16,200.0,1,2,duration_ms>=3000;db_query_time_ms>=300
ddb491c1-a3a8-4688-86a5-12df402bd305,error,orders-service,http.request.completed,1767304360968.0,5217.38,99.03,165.94,655.84,500.0,1,4,duration_ms>=3000;cpu>=80;db_query_time_ms>=300;status_code>=500
6361e320-77d3-4704-a406-9d33726957c0,info,restaurants-service,http.request.completed,1767304360968.0,1613.63,62.14,77.8,340.67,304.0,1,1,db_query_time_ms>=300
6b85cacc-9617-4e69-b033-8edba053717b,warn,restaurants-service,http.request.completed,1767304360968.0,22111.8,109.17,188.63,844.28,200.0,1,3,duration_ms>=3000;cpu>=80;db_query_time_ms>=300
b188de55-311a-4463-ade4-706259c3c3be,warn,restaurants-service,http.request.received,1767304360968.0,17045.32,159.91,166.3,705.25,200.0,1,3,duration_ms>=3000;cpu>=80;db_query_time_ms>=300
765c406f-e3f4-4b3a-83af-7b0ca3741754,info,restaurants-service,menuitem.service.list.success,1767304360968.0,1689.53,125.47,192.94,589.85,304.0,1,2,cpu>=80;db_query_time_ms>=300
72e14b1a-f3d5-42ea-a635-e678e5cba5f9,error,orders-service,http.request.completed,1767304360968.0,5429.15,49.77,746.13,152.38,500.0,1,2,duration_ms>=3000;status_code>=500
7e80c6a7-e99b-458d-a917-e319b198c9ee,info,restaurants-service,http.request.received,1767304360968.0,555.73,62.35,86.35,272.47,200.0,0,0,
d059e263-616e-4ece-a8a2-06b71c42bc9f,error,restaurants-service,http.request.completed,1767304360968.0,8992.06,146.29,141.41,385.89,502.0,1,4,duration_ms>=3000;cpu>=80;db_query_time_ms>=300;status_code>=500
63b67f59-496c-4ecf-959d-a2e0e9e862b7,info,orders-service,order.service.get_by_id.start,1767304360968.0,66.27,55.39,76.44,262.11,304.0,0,0,
18afba6d-f8d3-4a6e-96d9-1de699683998,error,restaurants-service,http.request.completed,1767304360968.0,1626.64,107.32,873.0,294.38,500.0,1,2,cpu>=80;status_code>=500
8911aea0-9de5-4fa8-88fd-6b2c5ee03745,warn,restaurants-service,db.query.slow,1767304360968.0,6198.83,64.97,137.61,1173.58,200.0,1,2,duration_ms>=3000;db_query_time_ms>=300
571fb2a4-9a5a-4ac1-b01e-71bca9a528a8,error,orders-service,jvm.gc.pause,1767304360968.0,14507.59,74.93,555.04,352.98,500.0,1,3,duration_ms>=3000;db_query_time_ms>=300;status_code>=500
dcf32440-9a9d-45fa-824b-e2f91a530bc9,error,orders-service,http.request.completed,1767304360968.0,2714.09,161.15,270.03,523.13,503.0,1,3,cpu>=80;db_query_time_ms>=300;status_code>=500
9d35b3c2-605c-465b-8320-2db28dfb48d9,error,orders-service,http.request.completed,1767304360968.0,11923.64,107.43,283.98,380.88,500.0,1,4,duration_ms>=3000;cpu>=80;db_query_time_ms>=300;status_code>=500
63b67f59-496c-4ecf-959d-a2e0e9e862b7,info,orders-service,order.service.get_by_id.start,1767304360968.0,66.27,55.39,76.44,262.11,304.0,0,0,
9ef29b49-a4b6-411d-bd42-e22cf1e1875b,warn,orders-service,http.request.completed,1767304360968.0,8949.18,109.36,162.67,1291.5,200.0,1,3,duration_ms>=3000;cpu>=80;db_query_time_ms>=300
a18585dc-da09-4863-8150-673a4e852d9b,error,restaurants-service,http.request.completed,1767304360968.0,24513.0,86.67,126.62,478.27,504.0,1,4,duration_ms>=3000;cpu>=80;db_query_time_ms>=300;status_code>=500
41fbfb06-249a-4950-95b1-17cfb6db9bf4,warn,orders-service,http.request.completed,1767304360968.0,9552.2,78.93,177.79,910.87,200.0,1,2,duration_ms>=3000;db_query_time_ms>=300
21c31d1f-6b01-492d-9dce-ac21824e656d,warn,orders-service,db.query.slow,1767304360968.0,13223.34,107.12,78.58,1325.54,200.0,1,3,duration_ms>=3000;cpu>=80;db_query_time_ms>=300
7e80c6a7-e99b-458d-a917-e319b198c9ee,info,restaurants-service,http.request.received,1767304360968.0,555.73,62.35,86.35,272.47,200.0,0,0,
d657889a-992b-4304-a97d-3f4d53195ac2,error,orders-service,jvm.gc.pause,1767304360968.0,5533.95,78.54,888.29,259.54,500.0,1,2,duration_ms>=3000;status_code>=500
63b67f59-496c-4ecf-959d-a2e0e9e862b7,info,orders-service,order.get_one.success,1767304360968.0,66.27,55.39,76.44,262.11,304.0,0,0,
3cf76467-5d7b-4ca5-b39b-8376c3c8d229,info,restaurants-service,restaurant.list.success,1767304360968.0,13400.17,120.31,124.6,441.22,200.0,1,3,duration_ms>=3000;cpu>=80;db_query_time_ms>=300
988f4a51-febb-47d8-97e6-e4cf0f23fa7f,warn,restaurants-service,http.request.completed,1767304360968.0,20147.74,145.19,85.45,882.88,200.0,1,3,duration_ms>=3000;cpu>=80;db_query_time_ms>=300
505e318d-15b7-4042-b2c2-708837d64f4d,warn,restaurants-service,http.request.completed,1767304360968.0,12153.9,80.89,328.22,378.83,200.0,1,3,duration_ms>=3000;cpu>=80;db_query_time_ms>=300
63b67f59-496c-4ecf-959d-a2e0e9e862b7,info,orders-service,order.get_one.success,1767304360968.0,66.27,55.39,76.44,262.11,304.0,0,0,
5b5db139-0386-481f-a5f3-e8d60e7e1a58,error,orders-service,http.request.completed,1767304360968.0,2831.88,165.57,267.96,180.67,503.0,1,2,cpu>=80;status_code>=500
7727b21e-c69b-4e10-9e04-d22126e1a2cb,warn,orders-service,db.query.slow,1767304360968.0,18281.84,109.0,178.38,827.34,200.0,1,3,duration_ms>=3000;cpu>=80;db_query_time_ms>=300
172d242c-9e74-4d7d-920a-76501cc628b6,error,orders-service,http.request.completed,1767304360968.0,6066.87,154.61,125.66,426.85,504.0,1,4,duration_ms>=3000;cpu>=80;db_query_time_ms>=300;status_code>=500
6361e320-77d3-4704-a406-9d33726957c0,info,restaurants-service,http.request.completed,1767304360968.0,1613.63,62.14,77.8,340.67,304.0,1,1,db_query_time_ms>=300
b19ea456-883c-4ca6-9646-60cc3d4f45ef,warn,orders-service,db.query.slow,1767304360968.0,6056.88,68.07,191.06,1010.98,200.0,1,2,duration_ms>=3000;db_query_time_ms>=300
69c826b4-a00f-488f-924b-a3e62fa96d9a,warn,restaurants-service,http.request.completed,1767304360968.0,10292.3,62.96,197.31,1436.24,200.0,1,2,duration_ms>=3000;db_query_time_ms>=300
765c406f-e3f4-4b3a-83af-7b0ca3741754,info,restaurants-service,menuitem.service.list.success,1767304360968.0,1689.53,125.47,192.94,589.85,304.0,1,2,cpu>=80;db_query_time_ms>=300
63b67f59-496c-4ecf-959d-a2e0e9e862b7,info,orders-service,order.service.get_by_id.success,1767304360968.0,66.27,55.39,76.44,262.11,304.0,0,0,
e691ac4c-98c0-45b3-8d27-ffcbea49d92f,warn,orders-service,http.request.received,1767304360968.0,34765.7,112.59,214.61,546.93,200.0,1,3,duration_ms>=3000;cpu>=80;db_query_time_ms>=300
69e43815-1b54-4019-88f8-d0c8dbf57171,error,restaurants-service,http.request.completed,1767304360968.0,12559.3,108.71,795.7,77.83,500.0,1,3,duration_ms>=3000;cpu>=80;status_code>=500
3cf76467-5d7b-4ca5-b39b-8376c3c8d229,info,restaurants-service,restaurant.list.success,1767304360968.0,13400.17,120.31,124.6,441.22,200.0,1,3,duration_ms>=3000;cpu>=80;db_query_time_ms>=300
7e80c6a7-e99b-458d-a917-e319b198c9ee,info,restaurants-service,restaurant.list.start,1767304360968.0,555.73,62.35,86.35,272.47,200.0,0,0,
56cd9d88-f0d5-4e96-9632-0f815ca363f1,error,orders-service,http.request.completed,1767304360968.0,3530.43,105.75,225.81,569.04,504.0,1,4,duration_ms>=3000;cpu>=80;db_query_time_ms>=300;status_code>=500
52875766-d8ad-4523-9d25-e7bbc7520aab,warn,restaurants-service,memory.pressure,1767304360968.0,16777.09,57.42,646.93,154.08,200.0,1,1,duration_ms>=3000
7f19e138-542c-4a8b-8acd-bc663e09bc9d,error,orders-service,http.request.completed,1767304360968.0,6204.49,64.84,598.97,92.4,500.0,1,2,duration_ms>=3000;status_code>=500
c1d22f1b-6b50-49db-aaaf-6f5ca9f140fa,error,restaurants-service,http.request.completed,1767304360968.0,5614.01,121.56,213.97,453.22,504.0,1,4,duration_ms>=3000;cpu>=80;db_query_time_ms>=300;status_code>=500
00278c2d-4a54-4ff1-86df-f36b75e21acb,warn,restaurants-service,db.query.slow,1767304360968.0,11829.41,100.04,192.84,572.4,200.0,1,3,duration_ms>=3000;cpu>=80;db_query_time_ms>=300
3cf76467-5d7b-4ca5-b39b-8376c3c8d229,info,restaurants-service,restaurant.list.start,1767304360968.0,13400.17,120.31,124.6,441.22,200.0,1,3,duration_ms>=3000;cpu>=80;db_query_time_ms>=300
d724f98d-8969-41fc-bb37-6336226bc612,warn,restaurants-service,memory.pressure,1767304360968.0,2890.87,42.84,655.46,77.09,200.0,1,1,
1045fc30-f26f-45af-a56c-68a953d1d8aa,error,restaurants-service,http.request.completed,1767304360968.0,21509.08,159.37,141.73,619.83,504.0,1,4,duration_ms>=3000;cpu>=80;db_query_time_ms>=300;status_code>=500
f6414176-1599-4f71-b2d7-d0092639775a,warn,restaurants-service,http.request.completed,1767304360968.0,10150.36,109.84,341.97,161.73,200.0,1,2,duration_ms>=3000;cpu>=80
3cf76467-5d7b-4ca5-b39b-8376c3c8d229,info,restaurants-service,http.request.completed,1767304360968.0,13400.17,120.31,124.6,441.22,200.0,1,3,duration_ms>=3000;cpu>=80;db_query_time_ms>=300
07d6b6a4-99ed-4f2e-90ad-ebd60e1ad4ca,warn,restaurants-service,http.request.received,1767304360968.0,32206.15,157.78,97.56,536.05,200.0,1,3,duration_ms>=3000;cpu>=80;db_query_time_ms>=300
6361e320-77d3-4704-a406-9d33726957c0,info,restaurants-service,http.request.completed,1767304360968.0,1613.63,62.14,77.8,340.67,304.0,1,1,db_query_time_ms>=300
bfc60eeb-3700-47c8-825c-afa21906019f,warn,orders-service,http.request.completed,1767304360968.0,8021.8,93.52,151.42,725.11,200.0,1,3,duration_ms>=3000;cpu>=80;db_query_time_ms>=300
3cf76467-5d7b-4ca5-b39b-8376c3c8d229,info,restaurants-service,restaurant.list.start,1767304360968.0,13400.17,120.31,124.6,441.22,200.0,1,3,duration_ms>=3000;cpu>=80;db_query_time_ms>=300
fe2627a1-f562-42c2-b39e-8bb6c3d33560,warn,orders-service,http.request.completed,1767304360968.0,18169.72,69.74,155.75,1113.43,200.0,1,2,duration_ms>=3000;db_query_time_ms>=300
b80f8354-93ba-45fa-a079-d785c2b9a38f,warn,restaurants-service,http.request.completed,1767304360968.0,9317.51,83.7,214.49,820.94,200.0,1,3,duration_ms>=3000;cpu>=80;db_query_time_ms>=300
7e80c6a7-e99b-458d-a917-e319b198c9ee,info,restaurants-service,http.request.completed,1767304360968.0,555.73,62.35,86.35,272.47,200.0,0,0,
877abc0b-df88-4c16-8932-e1d608072a28,warn,orders-service,http.request.completed,1767304360968.0,19378.12,99.18,158.79,1404.38,200.0,1,3,duration_ms>=3000;cpu>=80;db_query_time_ms>=300
765c406f-e3f4-4b3a-83af-7b0ca3741754,info,restaurants-service,menuitem.service.list.start,1767304360968.0,1689.53,125.47,192.94,589.85,304.0,1,2,cpu>=80;db_query_time_ms>=300
564386fa-554c-4b4f-a6dd-ee14f27e1de1,warn,orders-service,http.request.completed,1767304360968.0,21170.92,56.11,186.71,676.05,200.0,1,2,duration_ms>=3000;db_query_time_ms>=300
63b67f59-496c-4ecf-959d-a2e0e9e862b7,info,orders-service,order.get_one.success,1767304360968.0,66.27,55.39,76.44,262.11,304.0,0,0,
aa0cd063-51e4-4e06-858b-b13cbdd3ddb4,error,orders-service,db.query.slow,1767304360968.0,12652.71,58.88,175.48,1196.98,500.0,1,3,duration_ms>=3000;db_query_time_ms>=300;status_code>=500
7e80c6a7-e99b-458d-a917-e319b198c9ee,info,restaurants-service,http.request.completed,1767304360968.0,555.73,62.35,86.35,272.47,200.0,0,0,
5be67bcc-acec-433e-97da-57417c7e45ba,warn,orders-service,http.request.completed,1767304360968.0,11836.33,82.13,881.04,129.91,200.0,1,2,duration_ms>=3000;cpu>=80
baa2f7d1-aa04-49f2-8eeb-8a4e2ae3c464,error,restaurants-service,http.request.completed,1767304360968.0,10737.5,126.35,168.96,166.92,504.0,1,3,duration_ms>=3000;cpu>=80;status_code>=500
2c54144e-07be-40e4-9f02-f594f03d4cca,error,restaurants-service,http.request.completed,1767304360968.0,4802.13,144.9,192.06,352.65,503.0,1,4,duration_ms>=3000;cpu>=80;db_query_time_ms>=300;status_code>=500
66eea5dc-ea9e-43ca-a618-0e1487b9127c,error,restaurants-service,http.request.completed,1767304360968.0,5690.75,159.4,199.88,374.44,502.0,1,4,duration_ms>=3000;cpu>=80;db_query_time_ms>=300;status_code>=500
fa73a143-4032-4bd1-b860-26ecae3ccdbe,error,restaurants-service,http.request.received,1767304360968.0,24455.94,148.06,192.57,845.26,504.0,1,4,duration_ms>=3000;cpu>=80;db_query_time_ms>=300;status_code>=500
765c406f-e3f4-4b3a-83af-7b0ca3741754,info,restaurants-service,http.request.completed.success,1767304360968.0,1689.53,125.47,192.94,589.85,304.0,1,2,cpu>=80;db_query_time_ms>=300
c5fdc4b6-81ac-4c59-a913-2604c0082376,error,orders-service,http.request.completed,1767304360968.0,12579.81,59.62,619.91,209.0,500.0,1,2,duration_ms>=3000;status_code>=500
6361e320-77d3-4704-a406-9d33726957c0,info,restaurants-service,restaurant.list.success,1767304360968.0,1613.63,62.14,77.8,340.67,304.0,1,1,db_query_time_ms>=300
f09ff382-b61c-4a51-8309-437433d59649,error,restaurants-service,http.request.completed,1767304360968.0,8168.03,173.01,143.86,336.74,504.0,1,4,duration_ms>=3000;cpu>=80;db_query_time_ms>=300;status_code>=500
6361e320-77d3-4704-a406-9d33726957c0,info,restaurants-service,http.request.received,1767304360968.0,1613.63,62.14,77.8,340.67,304.0,1,1,db_query_time_ms>=300
3cf76467-5d7b-4ca5-b39b-8376c3c8d229,info,restaurants-service,restaurant.list.start,1767304360968.0,13400.17,120.31,124.6,441.22,200.0,1,3,duration_ms>=3000;cpu>=80;db_query_time_ms>=300
765c406f-e3f4-4b3a-83af-7b0ca3741754,info,restaurants-service,http.request.completed.success,1767304360968.0,1689.53,125.47,192.94,589.85,304.0,1,2,cpu>=80;db_query_time_ms>=300
dc278836-e753-4339-a623-d5830c452c4a,error,orders-service,http.request.completed,1767304360968.0,4599.06,167.84,166.42,329.79,502.0,1,4,duration_ms>=3000;cpu>=80;db_query_time_ms>=300;status_code>=500
0a9f5d69-d15a-4162-a7f6-8a47bdf62140,warn,restaurants-service,http.request.received,1767304360968.0,17527.75,97.98,211.14,549.01,200.0,1,3,duration_ms>=3000;cpu>=80;db_query_time_ms>=300
7e80c6a7-e99b-458d-a917-e319b198c9ee,info,restaurants-service,restaurant.list.start,1767304360968.0,555.73,62.35,86.35,272.47,200.0,0,0,
1f41d5d0-5ae5-4e45-90aa-4156aeab1c6d,error,restaurants-service,http.request.completed,1767304360968.0,11283.87,111.86,303.12,328.36,502.0,1,4,duration_ms>=3000;cpu>=80;db_query_time_ms>=300;status_code>=500
7e80c6a7-e99b-458d-a917-e319b198c9ee,info,restaurants-service,restaurant.list.success,1767304360968.0,555.73,62.35,86.35,272.47,200.0,0,0,
af204afe-270a-41ce-85bc-95933c1be871,error,orders-service,http.request.completed,1767304360968.0,3928.64,164.2,347.6,430.7,503.0,1,4,duration_ms>=3000;cpu>=80;db_query_time_ms>=300;status_code>=500
7f3355fe-6e86-4329-a8cf-10889ff3bb55,warn,orders-service,http.request.completed,1767304360968.0,31988.83,87.96,191.08,786.41,200.0,1,3,duration_ms>=3000;cpu>=80;db_query_time_ms>=300
ffa8e572-7be8-4861-8510-a52d905cd55e,error,orders-service,http.request.completed,1767304360968.0,2341.59,104.26,309.46,562.82,502.0,1,3,cpu>=80;db_query_time_ms>=300;status_code>=500
af562857-020a-4a6f-82b0-1aef392ea068,warn,orders-service,memory.pressure,1767304360968.0,8231.39,47.17,809.57,147.36,200.0,1,1,duration_ms>=3000
b987d958-be54-4a83-8246-b6990efcf0cf,error,orders-service,http.request.completed,1767304360968.0,22139.19,106.28,145.38,1342.28,500.0,1,4,duration_ms>=3000;cpu>=80;db_query_time_ms>=300;status_code>=500
aeee7c38-48cd-48e2-b2ce-a56e1fbe7ab0,warn,restaurants-service,db.query.slow,1767304360968.0,16791.68,74.1,168.98,720.1,200.0,1,2,duration_ms>=3000;db_query_time_ms>=300
63b67f59-496c-4ecf-959d-a2e0e9e862b7,info,orders-service,order.service.get_by_id.success,1767304360968.0,66.27,55.39,76.44,262.11,304.0,0,0,
c4d9edd3-4943-4bbe-9f41-8c8ec8b8c88d,warn,restaurants-service,jvm.gc.pause,1767304360968.0,15876.27,44.19,551.51,181.05,200.0,1,1,duration_ms>=3000
765c406f-e3f4-4b3a-83af-7b0ca3741754,info,restaurants-service,http.request.received,1767304360968.0,1689.53,125.47,192.94,589.85,304.0,1,2,cpu>=80;db_query_time_ms>=300
6361e320-77d3-4704-a406-9d33726957c0,info,restaurants-service,http.request.received,1767304360968.0,1613.63,62.14,77.8,340.67,304.0,1,1,db_query_time_ms>=300
a097f6b7-3853-4ddd-b66c-60da7dc8aac3,warn,orders-service,db.query.slow,1767304360968.0,29317.81,154.12,141.3,506.04,200.0,1,3,duration_ms>=3000;cpu>=80;db_query_time_ms>=300
6e16d247-ad82-41aa-9458-8206355451aa,error,restaurants-service,http.request.completed,1767304360968.0,7282.56,162.74,317.44,235.77,500.0,1,3,duration_ms>=3000;cpu>=80;status_code>=500
1c310f48-fd1e-4f3c-9517-25f2a12a7092,error,orders-service,jvm.gc.pause,1767304360968.0,3948.01,112.98,368.41,169.64,500.0,1,3,duration_ms>=3000;cpu>=80;status_code>=500
6b04fd73-ca33-433f-9594-fef91619bff2,warn,orders-service,memory.pressure,1767304360968.0,6271.31,99.63,611.82,277.49,200.0,1,2,duration_ms>=3000;cpu>=80
765c406f-e3f4-4b3a-83af-7b0ca3741754,info,restaurants-service,menuItem.list.success,1767304360968.0,1689.53,125.47,192.94,589.85,304.0,1,2,cpu>=80;db_query_time_ms>=300
7e80c6a7-e99b-458d-a917-e319b198c9ee,info,restaurants-service,restaurant.list.success,1767304360968.0,555.73,62.35,86.35,272.47,200.0,0,0,
d3979cf0-384b-48d6-82d7-c0e941b5f479,warn,restaurants-service,http.request.completed,1767304360968.0,25886.23,117.24,155.68,329.76,200.0,1,3,duration_ms>=3000;cpu>=80;db_query_time_ms>=300
a47393b6-bd11-48ce-839f-f4382eb4abe2,warn,orders-service,http.request.completed,1767304360968.0,9667.54,56.9,442.39,364.74,200.0,1,2,duration_ms>=3000;db_query_time_ms>=300
6361e320-77d3-4704-a406-9d33726957c0,info,restaurants-service,restaurant.list.start,1767304360968.0,1613.63,62.14,77.8,340.67,304.0,1,1,db_query_time_ms>=300
3b4b4c82-3051-4745-b4b8-39dffa75a122,error,orders-service,http.request.completed,1767304360968.0,6325.86,107.15,279.48,547.55,504.0,1,4,duration_ms>=3000;cpu>=80;db_query_time_ms>=300;status_code>=500
20bf6269-4a84-43d0-bb40-78e4681d9c65,error,restaurants-service,db.query.slow,1767304360968.0,17006.63,103.32,149.22,1197.0,500.0,1,4,duration_ms>=3000;cpu>=80;db_query_time_ms>=300;status_code>=500
08c66abe-e54d-4164-baae-7de8585f7fff,error,orders-service,db.query.slow,1767304360968.0,15658.2,93.8,130.66,1414.47,500.0,1,4,duration_ms>=3000;cpu>=80;db_query_time_ms>=300;status_code>=500
e4728638-4bf4-4bff-8d9a-fc313200c942,error,orders-service,memory.pressure,1767304360968.0,15228.2,105.43,604.43,248.76,500.0,1,3,duration_ms>=3000;cpu>=80;status_code>=500
ff63f6a7-d479-4364-8ca2-e86d4b8f6be9,error,orders-service,http.request.completed,1767304360968.0,6757.44,102.63,232.34,345.26,502.0,1,4,duration_ms>=3000;cpu>=80;db_query_time_ms>=300;status_code>=500
3fb89011-70b8-424f-94b3-442c143e1002,warn,restaurants-service,http.request.received,1767304360968.0,16454.05,138.71,191.55,570.97,200.0,1,3,duration_ms>=3000;cpu>=80;db_query_time_ms>=300
3ed091b0-4e45-4775-b3a3-8045f3cb6925,error,orders-service,db.query.slow,1767304360968.0,7616.84,89.0,188.17,889.99,500.0,1,4,duration_ms>=3000;cpu>=80;db_query_time_ms>=300;status_code>=500
0ea5c96d-d160-4579-ad34-17ac84392339,warn,restaurants-service,http.request.completed,1767304360968.0,12301.73,114.62,147.62,1215.16,200.0,1,3,duration_ms>=3000;cpu>=80;db_query_time_ms>=300
74608189-049c-4555-a9ce-f6a0bebf9685,error,orders-service,http.request.completed,1767304360968.0,7915.07,170.52,215.03,374.35,504.0,1,4,duration_ms>=3000;cpu>=80;db_query_time_ms>=300;status_code>=500
ede1eb8e-0766-4f0a-96a8-3b7d4ffb0ea2,warn,orders-service,http.request.completed,1767304360968.0,17783.03,95.02,179.78,567.89,200.0,1,3,duration_ms>=3000;cpu>=80;db_query_time_ms>=300
29ef7cce-1825-471f-b49f-a88e5b1f6861,warn,restaurants-service,http.request.received,1767304360968.0,15536.84,159.72,198.87,696.2,200.0,1,3,duration_ms>=3000;cpu>=80;db_query_time_ms>=300
6361e320-77d3-4704-a406-9d33726957c0,info,restaurants-service,http.request.received,1767304360968.0,1613.63,62.14,77.8,340.67,304.0,1,1,db_query_time_ms>=300
1250181f-7906-443e-b115-92f179765c75,warn,restaurants-service,http.request.received,1767304360968.0,36711.5,138.03,193.04,583.37,200.0,1,3,duration_ms>=3000;cpu>=80;db_query_time_ms>=300
7e80c6a7-e99b-458d-a917-e319b198c9ee,info,restaurants-service,restaurant.list.start,1767304360968.0,555.73,62.35,86.35,272.47,200.0,0,0,
12363288-a908-42d8-aa47-45170d79e5be,error,orders-service,http.request.completed,1767304360968.0,11478.23,157.83,134.82,174.77,503.0,1,3,duration_ms>=3000;cpu>=80;status_code>=500
24b63e46-787d-4d49-9c12-839333616549,error,orders-service,http.request.completed,1767304360968.0,2856.34,98.99,199.92,510.63,503.0,1,3,cpu>=80;db_query_time_ms>=300;status_code>=500
28d58762-69f1-4c8a-90f3-043254de6b4a,warn,restaurants-service,memory.pressure,1767304360968.0,5051.8,110.57,412.11,118.89,200.0,1,2,duration_ms>=3000;cpu>=80
